code,system
G63z.00,readv2
Gyu6500,readv2
G63..00,readv2
G63..12,readv2
G63..11,readv2
G63y.00,readv2
G63y100,readv2
G671100,readv2
1477,readv2
G64..12,readv2
G64z.12,readv2
G679.00,readv2
F23..12,readv2
G65z100,readv2
F23yz00,readv2
F2B0.00,readv2
G6z..00,readv2
G67z.00,readv2
G65z000,readv2
G64z200,readv2
G67..00,readv2
G65zz00,readv2
F2B1.00,readv2
F23..00,readv2
F23y.00,readv2
Gyu6400,readv2
G640000,readv2
G640.00,readv2
F23z.00,readv2
F23y100,readv2
F2Bz.00,readv2
F23y300,readv2
G664.00,readv2
F23y200,readv2
G683.00,readv2
Fyu9000,readv2
G6...00,readv2
Q488.00,readv2
F2By.00,readv2
G67y.00,readv2
G65z.00,readv2
Gyu6.00,readv2
G65y.00,readv2
F11x200,readv2
F2B..00,readv2
G64z.00,readv2
Gyu6A00,readv2
G641.11,readv2
G65..00,readv2
F23..11,readv2
G650.00,readv2
G651000,readv2
G65..13,readv2
G656.00,readv2
G650.11,readv2
Q200011,readv2
G60..00,readv2
G613.00,readv2
G615.00,readv2
S621.00,readv2
G614.00,readv2
G602.00,readv2
G618.00,readv2
G616.00,readv2
S62..12,readv2
G610.00,readv2
Q200012,readv2
G682.00,readv2
S622.00,readv2
G603.00,readv2
Gyu6000,readv2
G681.00,readv2
G61..11,readv2
S627.00,readv2
G62z.00,readv2
S623.00,readv2
G623.00,readv2
G61..12,readv2
Q412.00,readv2
G604.00,readv2
G605.00,readv2
G61..00,readv2
S620.00,readv2
S62..13,readv2
Q412000,readv2
G617.00,readv2
G601.00,readv2
S628.00,readv2
Gyu6200,readv2
G680.00,readv2
Gyu6100,readv2
G61z.00,readv2
G621.00,readv2
G60z.00,readv2
G606.00,readv2
G677400,readv2
G633.00,readv2
G64z111,readv2
G68..00,readv2
G654.00,readv2
G631.00,readv2
G64..00,readv2
G76z200,readv2
FyuF500,readv2
G632.00,readv2
F423500,readv2
F423211,readv2
G64..13,readv2
G64..11,readv2
G76z100,readv2
G630.00,readv2
F423700,readv2
G76z000,readv2
14A7.11,readv2
G671.00,readv2
G671z00,readv2
G66..13,readv2
Q200100,readv2
Gyu6G00,readv2
Gyu6F00,readv2
G62..00,readv2
G61X000,readv2
G60X.00,readv2
SN20000,readv2
Gyu6E00,readv2
G66..12,readv2
G66..00,readv2
G61X.00,readv2
G66..11,readv2
G61X100,readv2
L440000,readv2
G6W..00,readv2
G68W.00,readv2
Gyu6600,readv2
G677000,readv2
G677200,readv2
G677300,readv2
G677100,readv2
14AB000,readv2
F423600,readv2
E031400,readv2
E030400,readv2
L440.11,readv2
F137.11,readv2
L440.00,readv2
L440.12,readv2
F137000,readv2
F23y600,readv2
G600.00,readv2
388I.00,readv2
C315100,readv2
14A7.00,readv2
14AK.00,readv2
G652.00,readv2
14A7.12,readv2
G667.00,readv2
G641.00,readv2
G641000,readv2
L440100,readv2
L440300,readv2
P7y0z00,readv2
P7y0.00,readv2
F23y000,readv2
G676000,readv2
G63y000,readv2
Fyu5600,readv2
Fyu9.00,readv2
Fyu5500,readv2
G68X.00,readv2
G6y..00,readv2
P7y0y00,readv2
G65..11,readv2
G65..12,readv2
R002700,readv2
G651.00,readv2
F423100,readv2
1M4..00,readv2
G64z000,readv2
G663.00,readv2
G64z.11,readv2
G653.00,readv2
G6X..00,readv2
Gyu6300,readv2
F23y400,readv2
F230100,readv2
F230111,readv2
G661.00,readv2
G669.00,readv2
G671000,readv2
G665.00,readv2
G666.00,readv2
J421000,readv2
G64z100,readv2
ZV12511,readv2
ZV12512,readv2
ZV12D00,readv2
G657.00,readv2
G660.00,readv2
G64z400,readv2
G612.00,readv2
G662.00,readv2
G668.00,readv2
G64z300,readv2